--
-- PostgreSQL database dump
--

-- Dumped from database version 15.8 (Debian 15.8-1.pgdg120+1)
-- Dumped by pg_dump version 15.8 (Debian 15.8-1.pgdg120+1)

SET statement_timeout = 0;
SET lock_timeout = 0;
SET idle_in_transaction_session_timeout = 0;
SET client_encoding = 'UTF8';
SET standard_conforming_strings = on;
SELECT pg_catalog.set_config('search_path', '', false);
SET check_function_bodies = false;
SET xmloption = content;
SET client_min_messages = warning;
SET row_security = off;

SET default_tablespace = '';

SET default_table_access_method = heap;

--
-- Name: auth_group; Type: TABLE; Schema: public; Owner: postgres
--

CREATE TABLE public.auth_group (
    id integer NOT NULL,
    name character varying(150) NOT NULL
);


ALTER TABLE public.auth_group OWNER TO postgres;

--
-- Name: auth_group_id_seq; Type: SEQUENCE; Schema: public; Owner: postgres
--

ALTER TABLE public.auth_group ALTER COLUMN id ADD GENERATED BY DEFAULT AS IDENTITY (
    SEQUENCE NAME public.auth_group_id_seq
    START WITH 1
    INCREMENT BY 1
    NO MINVALUE
    NO MAXVALUE
    CACHE 1
);


--
-- Name: auth_group_permissions; Type: TABLE; Schema: public; Owner: postgres
--

CREATE TABLE public.auth_group_permissions (
    id bigint NOT NULL,
    group_id integer NOT NULL,
    permission_id integer NOT NULL
);


ALTER TABLE public.auth_group_permissions OWNER TO postgres;

--
-- Name: auth_group_permissions_id_seq; Type: SEQUENCE; Schema: public; Owner: postgres
--

ALTER TABLE public.auth_group_permissions ALTER COLUMN id ADD GENERATED BY DEFAULT AS IDENTITY (
    SEQUENCE NAME public.auth_group_permissions_id_seq
    START WITH 1
    INCREMENT BY 1
    NO MINVALUE
    NO MAXVALUE
    CACHE 1
);


--
-- Name: auth_permission; Type: TABLE; Schema: public; Owner: postgres
--

CREATE TABLE public.auth_permission (
    id integer NOT NULL,
    name character varying(255) NOT NULL,
    content_type_id integer NOT NULL,
    codename character varying(100) NOT NULL
);


ALTER TABLE public.auth_permission OWNER TO postgres;

--
-- Name: auth_permission_id_seq; Type: SEQUENCE; Schema: public; Owner: postgres
--

ALTER TABLE public.auth_permission ALTER COLUMN id ADD GENERATED BY DEFAULT AS IDENTITY (
    SEQUENCE NAME public.auth_permission_id_seq
    START WITH 1
    INCREMENT BY 1
    NO MINVALUE
    NO MAXVALUE
    CACHE 1
);


--
-- Name: auth_user; Type: TABLE; Schema: public; Owner: postgres
--

CREATE TABLE public.auth_user (
    id integer NOT NULL,
    password character varying(128) NOT NULL,
    last_login timestamp with time zone,
    is_superuser boolean NOT NULL,
    username character varying(150) NOT NULL,
    first_name character varying(150) NOT NULL,
    last_name character varying(150) NOT NULL,
    email character varying(254) NOT NULL,
    is_staff boolean NOT NULL,
    is_active boolean NOT NULL,
    date_joined timestamp with time zone NOT NULL
);


ALTER TABLE public.auth_user OWNER TO postgres;

--
-- Name: auth_user_groups; Type: TABLE; Schema: public; Owner: postgres
--

CREATE TABLE public.auth_user_groups (
    id bigint NOT NULL,
    user_id integer NOT NULL,
    group_id integer NOT NULL
);


ALTER TABLE public.auth_user_groups OWNER TO postgres;

--
-- Name: auth_user_groups_id_seq; Type: SEQUENCE; Schema: public; Owner: postgres
--

ALTER TABLE public.auth_user_groups ALTER COLUMN id ADD GENERATED BY DEFAULT AS IDENTITY (
    SEQUENCE NAME public.auth_user_groups_id_seq
    START WITH 1
    INCREMENT BY 1
    NO MINVALUE
    NO MAXVALUE
    CACHE 1
);


--
-- Name: auth_user_id_seq; Type: SEQUENCE; Schema: public; Owner: postgres
--

ALTER TABLE public.auth_user ALTER COLUMN id ADD GENERATED BY DEFAULT AS IDENTITY (
    SEQUENCE NAME public.auth_user_id_seq
    START WITH 1
    INCREMENT BY 1
    NO MINVALUE
    NO MAXVALUE
    CACHE 1
);


--
-- Name: auth_user_user_permissions; Type: TABLE; Schema: public; Owner: postgres
--

CREATE TABLE public.auth_user_user_permissions (
    id bigint NOT NULL,
    user_id integer NOT NULL,
    permission_id integer NOT NULL
);


ALTER TABLE public.auth_user_user_permissions OWNER TO postgres;

--
-- Name: auth_user_user_permissions_id_seq; Type: SEQUENCE; Schema: public; Owner: postgres
--

ALTER TABLE public.auth_user_user_permissions ALTER COLUMN id ADD GENERATED BY DEFAULT AS IDENTITY (
    SEQUENCE NAME public.auth_user_user_permissions_id_seq
    START WITH 1
    INCREMENT BY 1
    NO MINVALUE
    NO MAXVALUE
    CACHE 1
);


--
-- Name: django_admin_log; Type: TABLE; Schema: public; Owner: postgres
--

CREATE TABLE public.django_admin_log (
    id integer NOT NULL,
    action_time timestamp with time zone NOT NULL,
    object_id text,
    object_repr character varying(200) NOT NULL,
    action_flag smallint NOT NULL,
    change_message text NOT NULL,
    content_type_id integer,
    user_id integer NOT NULL,
    CONSTRAINT django_admin_log_action_flag_check CHECK ((action_flag >= 0))
);


ALTER TABLE public.django_admin_log OWNER TO postgres;

--
-- Name: django_admin_log_id_seq; Type: SEQUENCE; Schema: public; Owner: postgres
--

ALTER TABLE public.django_admin_log ALTER COLUMN id ADD GENERATED BY DEFAULT AS IDENTITY (
    SEQUENCE NAME public.django_admin_log_id_seq
    START WITH 1
    INCREMENT BY 1
    NO MINVALUE
    NO MAXVALUE
    CACHE 1
);


--
-- Name: django_content_type; Type: TABLE; Schema: public; Owner: postgres
--

CREATE TABLE public.django_content_type (
    id integer NOT NULL,
    app_label character varying(100) NOT NULL,
    model character varying(100) NOT NULL
);


ALTER TABLE public.django_content_type OWNER TO postgres;

--
-- Name: django_content_type_id_seq; Type: SEQUENCE; Schema: public; Owner: postgres
--

ALTER TABLE public.django_content_type ALTER COLUMN id ADD GENERATED BY DEFAULT AS IDENTITY (
    SEQUENCE NAME public.django_content_type_id_seq
    START WITH 1
    INCREMENT BY 1
    NO MINVALUE
    NO MAXVALUE
    CACHE 1
);


--
-- Name: django_migrations; Type: TABLE; Schema: public; Owner: postgres
--

CREATE TABLE public.django_migrations (
    id bigint NOT NULL,
    app character varying(255) NOT NULL,
    name character varying(255) NOT NULL,
    applied timestamp with time zone NOT NULL
);


ALTER TABLE public.django_migrations OWNER TO postgres;

--
-- Name: django_migrations_id_seq; Type: SEQUENCE; Schema: public; Owner: postgres
--

ALTER TABLE public.django_migrations ALTER COLUMN id ADD GENERATED BY DEFAULT AS IDENTITY (
    SEQUENCE NAME public.django_migrations_id_seq
    START WITH 1
    INCREMENT BY 1
    NO MINVALUE
    NO MAXVALUE
    CACHE 1
);


--
-- Name: django_session; Type: TABLE; Schema: public; Owner: postgres
--

CREATE TABLE public.django_session (
    session_key character varying(40) NOT NULL,
    session_data text NOT NULL,
    expire_date timestamp with time zone NOT NULL
);


ALTER TABLE public.django_session OWNER TO postgres;

--
-- Name: exam; Type: TABLE; Schema: public; Owner: postgres
--

CREATE TABLE public.exam (
    id bigint NOT NULL,
    score numeric(5,2) NOT NULL,
    date date NOT NULL,
    student_id bigint NOT NULL,
    subject_id bigint NOT NULL,
    type character varying(200) NOT NULL
);


ALTER TABLE public.exam OWNER TO postgres;

--
-- Name: group; Type: TABLE; Schema: public; Owner: postgres
--

CREATE TABLE public."group" (
    id bigint NOT NULL,
    name character varying(255) NOT NULL
);


ALTER TABLE public."group" OWNER TO postgres;

--
-- Name: people; Type: TABLE; Schema: public; Owner: postgres
--

CREATE TABLE public.people (
    id bigint NOT NULL,
    name character varying(255) NOT NULL,
    dob date NOT NULL,
    email character varying(254) NOT NULL
);


ALTER TABLE public.people OWNER TO postgres;

--
-- Name: people_id_seq; Type: SEQUENCE; Schema: public; Owner: postgres
--

ALTER TABLE public.people ALTER COLUMN id ADD GENERATED BY DEFAULT AS IDENTITY (
    SEQUENCE NAME public.people_id_seq
    START WITH 1
    INCREMENT BY 1
    NO MINVALUE
    NO MAXVALUE
    CACHE 1
);


--
-- Name: school_exammodel_id_seq; Type: SEQUENCE; Schema: public; Owner: postgres
--

ALTER TABLE public.exam ALTER COLUMN id ADD GENERATED BY DEFAULT AS IDENTITY (
    SEQUENCE NAME public.school_exammodel_id_seq
    START WITH 1
    INCREMENT BY 1
    NO MINVALUE
    NO MAXVALUE
    CACHE 1
);


--
-- Name: school_group_id_seq; Type: SEQUENCE; Schema: public; Owner: postgres
--

ALTER TABLE public."group" ALTER COLUMN id ADD GENERATED BY DEFAULT AS IDENTITY (
    SEQUENCE NAME public.school_group_id_seq
    START WITH 1
    INCREMENT BY 1
    NO MINVALUE
    NO MAXVALUE
    CACHE 1
);


--
-- Name: student; Type: TABLE; Schema: public; Owner: postgres
--

CREATE TABLE public.student (
    id bigint NOT NULL,
    name character varying(255) NOT NULL,
    phone character varying(20) NOT NULL,
    group_id bigint NOT NULL
);


ALTER TABLE public.student OWNER TO postgres;

--
-- Name: school_student_id_seq; Type: SEQUENCE; Schema: public; Owner: postgres
--

ALTER TABLE public.student ALTER COLUMN id ADD GENERATED BY DEFAULT AS IDENTITY (
    SEQUENCE NAME public.school_student_id_seq
    START WITH 1
    INCREMENT BY 1
    NO MINVALUE
    NO MAXVALUE
    CACHE 1
);


--
-- Name: students_average_score; Type: VIEW; Schema: public; Owner: postgres
--

CREATE VIEW public.students_average_score AS
 SELECT s.name AS student_name,
    g.name AS group_name,
    avg(e.score) AS average_score
   FROM ((public.exam e
     JOIN public.student s ON ((e.student_id = s.id)))
     JOIN public."group" g ON ((s.group_id = g.id)))
  GROUP BY s.name, g.name
  ORDER BY (avg(e.score)) DESC;


ALTER TABLE public.students_average_score OWNER TO postgres;

--
-- Name: subject; Type: TABLE; Schema: public; Owner: postgres
--

CREATE TABLE public.subject (
    id bigint NOT NULL,
    name character varying(255) NOT NULL
);


ALTER TABLE public.subject OWNER TO postgres;

--
-- Name: subject_id_seq; Type: SEQUENCE; Schema: public; Owner: postgres
--

ALTER TABLE public.subject ALTER COLUMN id ADD GENERATED BY DEFAULT AS IDENTITY (
    SEQUENCE NAME public.subject_id_seq
    START WITH 1
    INCREMENT BY 1
    NO MINVALUE
    NO MAXVALUE
    CACHE 1
);


--
-- Name: user; Type: TABLE; Schema: public; Owner: postgres
--

CREATE TABLE public."user" (
    id bigint NOT NULL,
    full_name character varying(255) NOT NULL,
    email character varying(100) NOT NULL,
    birthdate date NOT NULL,
    phone_number character varying(20) NOT NULL
);


ALTER TABLE public."user" OWNER TO postgres;

--
-- Name: user_id_seq; Type: SEQUENCE; Schema: public; Owner: postgres
--

ALTER TABLE public."user" ALTER COLUMN id ADD GENERATED BY DEFAULT AS IDENTITY (
    SEQUENCE NAME public.user_id_seq
    START WITH 1
    INCREMENT BY 1
    NO MINVALUE
    NO MAXVALUE
    CACHE 1
);


--
-- Data for Name: auth_group; Type: TABLE DATA; Schema: public; Owner: postgres
--

COPY public.auth_group (id, name) FROM stdin;
\.


--
-- Data for Name: auth_group_permissions; Type: TABLE DATA; Schema: public; Owner: postgres
--

COPY public.auth_group_permissions (id, group_id, permission_id) FROM stdin;
\.


--
-- Data for Name: auth_permission; Type: TABLE DATA; Schema: public; Owner: postgres
--

COPY public.auth_permission (id, name, content_type_id, codename) FROM stdin;
1	Can add log entry	1	add_logentry
2	Can change log entry	1	change_logentry
3	Can delete log entry	1	delete_logentry
4	Can view log entry	1	view_logentry
5	Can add permission	2	add_permission
6	Can change permission	2	change_permission
7	Can delete permission	2	delete_permission
8	Can view permission	2	view_permission
9	Can add group	3	add_group
10	Can change group	3	change_group
11	Can delete group	3	delete_group
12	Can view group	3	view_group
13	Can add user	4	add_user
14	Can change user	4	change_user
15	Can delete user	4	delete_user
16	Can view user	4	view_user
17	Can add content type	5	add_contenttype
18	Can change content type	5	change_contenttype
19	Can delete content type	5	delete_contenttype
20	Can view content type	5	view_contenttype
21	Can add session	6	add_session
22	Can change session	6	change_session
23	Can delete session	6	delete_session
24	Can view session	6	view_session
25	Can add group model	7	add_groupmodel
26	Can change group model	7	change_groupmodel
27	Can delete group model	7	delete_groupmodel
28	Can view group model	7	view_groupmodel
29	Can add student model	8	add_studentmodel
30	Can change student model	8	change_studentmodel
31	Can delete student model	8	delete_studentmodel
32	Can view student model	8	view_studentmodel
33	Can add subject model	9	add_subjectmodel
34	Can change subject model	9	change_subjectmodel
35	Can delete subject model	9	delete_subjectmodel
36	Can view subject model	9	view_subjectmodel
37	Can add exam model	10	add_exammodel
38	Can change exam model	10	change_exammodel
39	Can delete exam model	10	delete_exammodel
40	Can view exam model	10	view_exammodel
41	Can add user model	11	add_usermodel
42	Can change user model	11	change_usermodel
43	Can delete user model	11	delete_usermodel
44	Can view user model	11	view_usermodel
45	Can add person model	12	add_personmodel
46	Can change person model	12	change_personmodel
47	Can delete person model	12	delete_personmodel
48	Can view person model	12	view_personmodel
\.


--
-- Data for Name: auth_user; Type: TABLE DATA; Schema: public; Owner: postgres
--

COPY public.auth_user (id, password, last_login, is_superuser, username, first_name, last_name, email, is_staff, is_active, date_joined) FROM stdin;
1	pbkdf2_sha256$870000$lrkdaebAZmPnKVBBwnOI7Y$R6lpeZc136LbcIgMaiMPevPgM0QBNnX/CKks23pHvV8=	2024-10-19 23:47:29.084907+00	t	anibal			anibalnuma@gmail.com	t	t	2024-10-19 23:25:25.002201+00
\.


--
-- Data for Name: auth_user_groups; Type: TABLE DATA; Schema: public; Owner: postgres
--

COPY public.auth_user_groups (id, user_id, group_id) FROM stdin;
\.


--
-- Data for Name: auth_user_user_permissions; Type: TABLE DATA; Schema: public; Owner: postgres
--

COPY public.auth_user_user_permissions (id, user_id, permission_id) FROM stdin;
\.


--
-- Data for Name: django_admin_log; Type: TABLE DATA; Schema: public; Owner: postgres
--

COPY public.django_admin_log (id, action_time, object_id, object_repr, action_flag, change_message, content_type_id, user_id) FROM stdin;
1	2024-10-19 23:25:51.068527+00	1	101	1	[{"added": {}}]	7	1
2	2024-10-19 23:25:56.345919+00	2	102	1	[{"added": {}}]	7	1
3	2024-10-19 23:26:04.602402+00	3	103	1	[{"added": {}}]	7	1
4	2024-10-19 23:26:12.408974+00	4	201	1	[{"added": {}}]	7	1
5	2024-10-19 23:26:16.696308+00	5	202	1	[{"added": {}}]	7	1
6	2024-10-19 23:26:21.882452+00	6	203	1	[{"added": {}}]	7	1
7	2024-10-19 23:26:40.673791+00	1	Anibal Sanchez Numa (101)	1	[{"added": {}}]	8	1
8	2024-10-19 23:26:56.465179+00	2	Mirtha Numa (101)	1	[{"added": {}}]	8	1
9	2024-10-19 23:27:07.113047+00	3	Carlos Hdez (201)	1	[{"added": {}}]	8	1
10	2024-10-19 23:27:36.686875+00	4	Felix Sanchez Numa (102)	1	[{"added": {}}]	8	1
11	2024-10-19 23:27:48.26257+00	1	Mathematics	1	[{"added": {}}]	9	1
12	2024-10-19 23:27:53.382125+00	2	English	1	[{"added": {}}]	9	1
13	2024-10-19 23:28:07.010148+00	1	Anibal Sanchez Numa (101) - Mathematics (5)	1	[{"added": {}}]	10	1
14	2024-10-19 23:28:17.738794+00	2	Mirtha Numa (101) - Mathematics (4)	1	[{"added": {}}]	10	1
15	2024-10-19 23:47:51.101043+00	5	Karla Glez (101)	1	[{"added": {}}]	8	1
16	2024-10-19 23:48:12.896823+00	3	Karla Glez (101) - Mathematics (2)	1	[{"added": {}}]	10	1
17	2024-10-19 23:48:25.303812+00	3	History	1	[{"added": {}}]	9	1
18	2024-10-19 23:48:47.014253+00	4	Anibal Sanchez Numa (101) - History (4)	1	[{"added": {}}]	10	1
19	2024-10-19 23:49:18.386591+00	6	Pedro Manuel Server (101)	1	[{"added": {}}]	8	1
20	2024-10-19 23:50:14.994027+00	5	Pedro Manuel Server (101) - English (5)	1	[{"added": {}}]	10	1
21	2024-10-19 23:50:47.808382+00	6	Mirtha Numa (101) - English (4)	1	[{"added": {}}]	10	1
\.


--
-- Data for Name: django_content_type; Type: TABLE DATA; Schema: public; Owner: postgres
--

COPY public.django_content_type (id, app_label, model) FROM stdin;
1	admin	logentry
2	auth	permission
3	auth	group
4	auth	user
5	contenttypes	contenttype
6	sessions	session
7	school	groupmodel
8	school	studentmodel
9	school	subjectmodel
10	school	exammodel
11	school	usermodel
12	school	personmodel
\.


--
-- Data for Name: django_migrations; Type: TABLE DATA; Schema: public; Owner: postgres
--

COPY public.django_migrations (id, app, name, applied) FROM stdin;
1	contenttypes	0001_initial	2024-10-19 23:24:38.446696+00
2	auth	0001_initial	2024-10-19 23:24:38.491874+00
3	admin	0001_initial	2024-10-19 23:24:38.504977+00
4	admin	0002_logentry_remove_auto_add	2024-10-19 23:24:38.510711+00
5	admin	0003_logentry_add_action_flag_choices	2024-10-19 23:24:38.515301+00
6	contenttypes	0002_remove_content_type_name	2024-10-19 23:24:38.526951+00
7	auth	0002_alter_permission_name_max_length	2024-10-19 23:24:38.532908+00
8	auth	0003_alter_user_email_max_length	2024-10-19 23:24:38.539253+00
9	auth	0004_alter_user_username_opts	2024-10-19 23:24:38.545152+00
10	auth	0005_alter_user_last_login_null	2024-10-19 23:24:38.552123+00
11	auth	0006_require_contenttypes_0002	2024-10-19 23:24:38.553578+00
12	auth	0007_alter_validators_add_error_messages	2024-10-19 23:24:38.559329+00
13	auth	0008_alter_user_username_max_length	2024-10-19 23:24:38.568283+00
14	auth	0009_alter_user_last_name_max_length	2024-10-19 23:24:38.603865+00
15	auth	0010_alter_group_name_max_length	2024-10-19 23:24:38.609454+00
16	auth	0011_update_proxy_permissions	2024-10-19 23:24:38.614543+00
17	auth	0012_alter_user_first_name_max_length	2024-10-19 23:24:38.620497+00
18	school	0001_initial	2024-10-19 23:24:38.62428+00
19	school	0002_group_student	2024-10-19 23:24:38.638557+00
20	school	0003_rename_group_groupmodel_rename_student_studentmodel	2024-10-19 23:24:38.65909+00
21	school	0004_alter_groupmodel_table_alter_studentmodel_table	2024-10-19 23:24:38.662383+00
22	school	0005_subjectmodel_exammodel	2024-10-19 23:24:38.677576+00
23	school	0006_delete_personmodel	2024-10-19 23:24:38.679222+00
24	school	0007_exammodel_type	2024-10-19 23:24:38.683259+00
25	school	0008_alter_exammodel_table	2024-10-19 23:24:38.686208+00
26	school	0009_usermodel	2024-10-19 23:24:38.695843+00
27	school	0010_personmodel	2024-10-19 23:24:38.700793+00
28	school	0011_alter_personmodel_email	2024-10-19 23:24:38.709744+00
29	school	0012_personmodel_user_alter_personmodel_email	2024-10-19 23:24:38.725609+00
30	school	0013_workermodel	2024-10-19 23:24:38.735363+00
31	school	0014_delete_workermodel	2024-10-19 23:24:38.737854+00
32	school	0015_remove_personmodel_user	2024-10-19 23:24:38.745839+00
33	sessions	0001_initial	2024-10-19 23:24:38.754949+00
34	school	0016_myview	2024-10-20 12:34:26.044451+00
35	school	0017_studentaveragescore	2024-10-20 13:31:28.226639+00
\.


--
-- Data for Name: django_session; Type: TABLE DATA; Schema: public; Owner: postgres
--

COPY public.django_session (session_key, session_data, expire_date) FROM stdin;
1s7a5nqyfig6t3h6gdyownzghugr5yaq	.eJxVjEEOwiAQRe_C2hDI0Blw6d4zkAEmUjWQlHZlvLs26UK3_733Xyrytta4DVniXNRZWXX63RLnh7QdlDu3W9e5t3WZk94VfdChr73I83K4fweVR_3WkDFMBdAHS95BAiEkcMYUy4RALOQxgGOTCA1aV4JMia0JIp6DVe8Pp9g2lQ:1t2IpG:VtCyli2dKg8zwQqeQlqkvusw0slA65UNxZ5ubDvYk88	2024-11-02 23:25:38.563656+00
eroswobwp6hp9pswuyifkgl8dxw47c5k	.eJxVjEEOwiAQRe_C2hDI0Blw6d4zkAEmUjWQlHZlvLs26UK3_733Xyrytta4DVniXNRZWXX63RLnh7QdlDu3W9e5t3WZk94VfdChr73I83K4fweVR_3WkDFMBdAHS95BAiEkcMYUy4RALOQxgGOTCA1aV4JMia0JIp6DVe8Pp9g2lQ:1t2JAP:wmT2M8Is7orLtSTxXL9NiDqHvCRp0LEyh1LgVHFBTwE	2024-11-02 23:47:29.086377+00
\.


--
-- Data for Name: exam; Type: TABLE DATA; Schema: public; Owner: postgres
--

COPY public.exam (id, score, date, student_id, subject_id, type) FROM stdin;
1	5.00	2024-10-19	1	1	Partial
2	4.00	2024-10-19	2	1	Partial
3	2.00	2024-03-05	5	1	Final
4	4.00	2023-01-11	1	3	Partial
5	5.00	2024-10-07	6	2	Partial
6	4.00	2023-11-20	2	2	Partial
\.


--
-- Data for Name: group; Type: TABLE DATA; Schema: public; Owner: postgres
--

COPY public."group" (id, name) FROM stdin;
1	101
2	102
3	103
4	201
5	202
6	203
\.


--
-- Data for Name: people; Type: TABLE DATA; Schema: public; Owner: postgres
--

COPY public.people (id, name, dob, email) FROM stdin;
\.


--
-- Data for Name: student; Type: TABLE DATA; Schema: public; Owner: postgres
--

COPY public.student (id, name, phone, group_id) FROM stdin;
1	Anibal Sanchez Numa	+5354672367	1
2	Mirtha Numa	+5354672345	1
3	Carlos Hdez	+5354674578	4
4	Felix Sanchez Numa	+5354667755	2
5	Karla Glez	+5355667788	1
6	Pedro Manuel Server	+5355664433	1
\.


--
-- Data for Name: subject; Type: TABLE DATA; Schema: public; Owner: postgres
--

COPY public.subject (id, name) FROM stdin;
1	Mathematics
2	English
3	History
\.


--
-- Data for Name: user; Type: TABLE DATA; Schema: public; Owner: postgres
--

COPY public."user" (id, full_name, email, birthdate, phone_number) FROM stdin;
\.


--
-- Name: auth_group_id_seq; Type: SEQUENCE SET; Schema: public; Owner: postgres
--

SELECT pg_catalog.setval('public.auth_group_id_seq', 1, false);


--
-- Name: auth_group_permissions_id_seq; Type: SEQUENCE SET; Schema: public; Owner: postgres
--

SELECT pg_catalog.setval('public.auth_group_permissions_id_seq', 1, false);


--
-- Name: auth_permission_id_seq; Type: SEQUENCE SET; Schema: public; Owner: postgres
--

SELECT pg_catalog.setval('public.auth_permission_id_seq', 48, true);


--
-- Name: auth_user_groups_id_seq; Type: SEQUENCE SET; Schema: public; Owner: postgres
--

SELECT pg_catalog.setval('public.auth_user_groups_id_seq', 1, false);


--
-- Name: auth_user_id_seq; Type: SEQUENCE SET; Schema: public; Owner: postgres
--

SELECT pg_catalog.setval('public.auth_user_id_seq', 1, true);


--
-- Name: auth_user_user_permissions_id_seq; Type: SEQUENCE SET; Schema: public; Owner: postgres
--

SELECT pg_catalog.setval('public.auth_user_user_permissions_id_seq', 1, false);


--
-- Name: django_admin_log_id_seq; Type: SEQUENCE SET; Schema: public; Owner: postgres
--

SELECT pg_catalog.setval('public.django_admin_log_id_seq', 21, true);


--
-- Name: django_content_type_id_seq; Type: SEQUENCE SET; Schema: public; Owner: postgres
--

SELECT pg_catalog.setval('public.django_content_type_id_seq', 12, true);


--
-- Name: django_migrations_id_seq; Type: SEQUENCE SET; Schema: public; Owner: postgres
--

SELECT pg_catalog.setval('public.django_migrations_id_seq', 35, true);


--
-- Name: people_id_seq; Type: SEQUENCE SET; Schema: public; Owner: postgres
--

SELECT pg_catalog.setval('public.people_id_seq', 1, false);


--
-- Name: school_exammodel_id_seq; Type: SEQUENCE SET; Schema: public; Owner: postgres
--

SELECT pg_catalog.setval('public.school_exammodel_id_seq', 6, true);


--
-- Name: school_group_id_seq; Type: SEQUENCE SET; Schema: public; Owner: postgres
--

SELECT pg_catalog.setval('public.school_group_id_seq', 6, true);


--
-- Name: school_student_id_seq; Type: SEQUENCE SET; Schema: public; Owner: postgres
--

SELECT pg_catalog.setval('public.school_student_id_seq', 6, true);


--
-- Name: subject_id_seq; Type: SEQUENCE SET; Schema: public; Owner: postgres
--

SELECT pg_catalog.setval('public.subject_id_seq', 3, true);


--
-- Name: user_id_seq; Type: SEQUENCE SET; Schema: public; Owner: postgres
--

SELECT pg_catalog.setval('public.user_id_seq', 1, false);


--
-- Name: auth_group auth_group_name_key; Type: CONSTRAINT; Schema: public; Owner: postgres
--

ALTER TABLE ONLY public.auth_group
    ADD CONSTRAINT auth_group_name_key UNIQUE (name);


--
-- Name: auth_group_permissions auth_group_permissions_group_id_permission_id_0cd325b0_uniq; Type: CONSTRAINT; Schema: public; Owner: postgres
--

ALTER TABLE ONLY public.auth_group_permissions
    ADD CONSTRAINT auth_group_permissions_group_id_permission_id_0cd325b0_uniq UNIQUE (group_id, permission_id);


--
-- Name: auth_group_permissions auth_group_permissions_pkey; Type: CONSTRAINT; Schema: public; Owner: postgres
--

ALTER TABLE ONLY public.auth_group_permissions
    ADD CONSTRAINT auth_group_permissions_pkey PRIMARY KEY (id);


--
-- Name: auth_group auth_group_pkey; Type: CONSTRAINT; Schema: public; Owner: postgres
--

ALTER TABLE ONLY public.auth_group
    ADD CONSTRAINT auth_group_pkey PRIMARY KEY (id);


--
-- Name: auth_permission auth_permission_content_type_id_codename_01ab375a_uniq; Type: CONSTRAINT; Schema: public; Owner: postgres
--

ALTER TABLE ONLY public.auth_permission
    ADD CONSTRAINT auth_permission_content_type_id_codename_01ab375a_uniq UNIQUE (content_type_id, codename);


--
-- Name: auth_permission auth_permission_pkey; Type: CONSTRAINT; Schema: public; Owner: postgres
--

ALTER TABLE ONLY public.auth_permission
    ADD CONSTRAINT auth_permission_pkey PRIMARY KEY (id);


--
-- Name: auth_user_groups auth_user_groups_pkey; Type: CONSTRAINT; Schema: public; Owner: postgres
--

ALTER TABLE ONLY public.auth_user_groups
    ADD CONSTRAINT auth_user_groups_pkey PRIMARY KEY (id);


--
-- Name: auth_user_groups auth_user_groups_user_id_group_id_94350c0c_uniq; Type: CONSTRAINT; Schema: public; Owner: postgres
--

ALTER TABLE ONLY public.auth_user_groups
    ADD CONSTRAINT auth_user_groups_user_id_group_id_94350c0c_uniq UNIQUE (user_id, group_id);


--
-- Name: auth_user auth_user_pkey; Type: CONSTRAINT; Schema: public; Owner: postgres
--

ALTER TABLE ONLY public.auth_user
    ADD CONSTRAINT auth_user_pkey PRIMARY KEY (id);


--
-- Name: auth_user_user_permissions auth_user_user_permissions_pkey; Type: CONSTRAINT; Schema: public; Owner: postgres
--

ALTER TABLE ONLY public.auth_user_user_permissions
    ADD CONSTRAINT auth_user_user_permissions_pkey PRIMARY KEY (id);


--
-- Name: auth_user_user_permissions auth_user_user_permissions_user_id_permission_id_14a6b632_uniq; Type: CONSTRAINT; Schema: public; Owner: postgres
--

ALTER TABLE ONLY public.auth_user_user_permissions
    ADD CONSTRAINT auth_user_user_permissions_user_id_permission_id_14a6b632_uniq UNIQUE (user_id, permission_id);


--
-- Name: auth_user auth_user_username_key; Type: CONSTRAINT; Schema: public; Owner: postgres
--

ALTER TABLE ONLY public.auth_user
    ADD CONSTRAINT auth_user_username_key UNIQUE (username);


--
-- Name: django_admin_log django_admin_log_pkey; Type: CONSTRAINT; Schema: public; Owner: postgres
--

ALTER TABLE ONLY public.django_admin_log
    ADD CONSTRAINT django_admin_log_pkey PRIMARY KEY (id);


--
-- Name: django_content_type django_content_type_app_label_model_76bd3d3b_uniq; Type: CONSTRAINT; Schema: public; Owner: postgres
--

ALTER TABLE ONLY public.django_content_type
    ADD CONSTRAINT django_content_type_app_label_model_76bd3d3b_uniq UNIQUE (app_label, model);


--
-- Name: django_content_type django_content_type_pkey; Type: CONSTRAINT; Schema: public; Owner: postgres
--

ALTER TABLE ONLY public.django_content_type
    ADD CONSTRAINT django_content_type_pkey PRIMARY KEY (id);


--
-- Name: django_migrations django_migrations_pkey; Type: CONSTRAINT; Schema: public; Owner: postgres
--

ALTER TABLE ONLY public.django_migrations
    ADD CONSTRAINT django_migrations_pkey PRIMARY KEY (id);


--
-- Name: django_session django_session_pkey; Type: CONSTRAINT; Schema: public; Owner: postgres
--

ALTER TABLE ONLY public.django_session
    ADD CONSTRAINT django_session_pkey PRIMARY KEY (session_key);


--
-- Name: people people_email_325b71d1_uniq; Type: CONSTRAINT; Schema: public; Owner: postgres
--

ALTER TABLE ONLY public.people
    ADD CONSTRAINT people_email_325b71d1_uniq UNIQUE (email);


--
-- Name: people people_pkey; Type: CONSTRAINT; Schema: public; Owner: postgres
--

ALTER TABLE ONLY public.people
    ADD CONSTRAINT people_pkey PRIMARY KEY (id);


--
-- Name: exam school_exammodel_pkey; Type: CONSTRAINT; Schema: public; Owner: postgres
--

ALTER TABLE ONLY public.exam
    ADD CONSTRAINT school_exammodel_pkey PRIMARY KEY (id);


--
-- Name: group school_group_name_key; Type: CONSTRAINT; Schema: public; Owner: postgres
--

ALTER TABLE ONLY public."group"
    ADD CONSTRAINT school_group_name_key UNIQUE (name);


--
-- Name: group school_group_pkey; Type: CONSTRAINT; Schema: public; Owner: postgres
--

ALTER TABLE ONLY public."group"
    ADD CONSTRAINT school_group_pkey PRIMARY KEY (id);


--
-- Name: student school_student_phone_key; Type: CONSTRAINT; Schema: public; Owner: postgres
--

ALTER TABLE ONLY public.student
    ADD CONSTRAINT school_student_phone_key UNIQUE (phone);


--
-- Name: student school_student_pkey; Type: CONSTRAINT; Schema: public; Owner: postgres
--

ALTER TABLE ONLY public.student
    ADD CONSTRAINT school_student_pkey PRIMARY KEY (id);


--
-- Name: subject subject_name_key; Type: CONSTRAINT; Schema: public; Owner: postgres
--

ALTER TABLE ONLY public.subject
    ADD CONSTRAINT subject_name_key UNIQUE (name);


--
-- Name: subject subject_pkey; Type: CONSTRAINT; Schema: public; Owner: postgres
--

ALTER TABLE ONLY public.subject
    ADD CONSTRAINT subject_pkey PRIMARY KEY (id);


--
-- Name: user user_email_key; Type: CONSTRAINT; Schema: public; Owner: postgres
--

ALTER TABLE ONLY public."user"
    ADD CONSTRAINT user_email_key UNIQUE (email);


--
-- Name: user user_phone_number_key; Type: CONSTRAINT; Schema: public; Owner: postgres
--

ALTER TABLE ONLY public."user"
    ADD CONSTRAINT user_phone_number_key UNIQUE (phone_number);


--
-- Name: user user_pkey; Type: CONSTRAINT; Schema: public; Owner: postgres
--

ALTER TABLE ONLY public."user"
    ADD CONSTRAINT user_pkey PRIMARY KEY (id);


--
-- Name: auth_group_name_a6ea08ec_like; Type: INDEX; Schema: public; Owner: postgres
--

CREATE INDEX auth_group_name_a6ea08ec_like ON public.auth_group USING btree (name varchar_pattern_ops);


--
-- Name: auth_group_permissions_group_id_b120cbf9; Type: INDEX; Schema: public; Owner: postgres
--

CREATE INDEX auth_group_permissions_group_id_b120cbf9 ON public.auth_group_permissions USING btree (group_id);


--
-- Name: auth_group_permissions_permission_id_84c5c92e; Type: INDEX; Schema: public; Owner: postgres
--

CREATE INDEX auth_group_permissions_permission_id_84c5c92e ON public.auth_group_permissions USING btree (permission_id);


--
-- Name: auth_permission_content_type_id_2f476e4b; Type: INDEX; Schema: public; Owner: postgres
--

CREATE INDEX auth_permission_content_type_id_2f476e4b ON public.auth_permission USING btree (content_type_id);


--
-- Name: auth_user_groups_group_id_97559544; Type: INDEX; Schema: public; Owner: postgres
--

CREATE INDEX auth_user_groups_group_id_97559544 ON public.auth_user_groups USING btree (group_id);


--
-- Name: auth_user_groups_user_id_6a12ed8b; Type: INDEX; Schema: public; Owner: postgres
--

CREATE INDEX auth_user_groups_user_id_6a12ed8b ON public.auth_user_groups USING btree (user_id);


--
-- Name: auth_user_user_permissions_permission_id_1fbb5f2c; Type: INDEX; Schema: public; Owner: postgres
--

CREATE INDEX auth_user_user_permissions_permission_id_1fbb5f2c ON public.auth_user_user_permissions USING btree (permission_id);


--
-- Name: auth_user_user_permissions_user_id_a95ead1b; Type: INDEX; Schema: public; Owner: postgres
--

CREATE INDEX auth_user_user_permissions_user_id_a95ead1b ON public.auth_user_user_permissions USING btree (user_id);


--
-- Name: auth_user_username_6821ab7c_like; Type: INDEX; Schema: public; Owner: postgres
--

CREATE INDEX auth_user_username_6821ab7c_like ON public.auth_user USING btree (username varchar_pattern_ops);


--
-- Name: django_admin_log_content_type_id_c4bce8eb; Type: INDEX; Schema: public; Owner: postgres
--

CREATE INDEX django_admin_log_content_type_id_c4bce8eb ON public.django_admin_log USING btree (content_type_id);


--
-- Name: django_admin_log_user_id_c564eba6; Type: INDEX; Schema: public; Owner: postgres
--

CREATE INDEX django_admin_log_user_id_c564eba6 ON public.django_admin_log USING btree (user_id);


--
-- Name: django_session_expire_date_a5c62663; Type: INDEX; Schema: public; Owner: postgres
--

CREATE INDEX django_session_expire_date_a5c62663 ON public.django_session USING btree (expire_date);


--
-- Name: django_session_session_key_c0390e0f_like; Type: INDEX; Schema: public; Owner: postgres
--

CREATE INDEX django_session_session_key_c0390e0f_like ON public.django_session USING btree (session_key varchar_pattern_ops);


--
-- Name: people_email_325b71d1_like; Type: INDEX; Schema: public; Owner: postgres
--

CREATE INDEX people_email_325b71d1_like ON public.people USING btree (email varchar_pattern_ops);


--
-- Name: school_exammodel_student_id_0efe27fd; Type: INDEX; Schema: public; Owner: postgres
--

CREATE INDEX school_exammodel_student_id_0efe27fd ON public.exam USING btree (student_id);


--
-- Name: school_exammodel_subject_id_7cf43c49; Type: INDEX; Schema: public; Owner: postgres
--

CREATE INDEX school_exammodel_subject_id_7cf43c49 ON public.exam USING btree (subject_id);


--
-- Name: school_group_name_dfa4c661_like; Type: INDEX; Schema: public; Owner: postgres
--

CREATE INDEX school_group_name_dfa4c661_like ON public."group" USING btree (name varchar_pattern_ops);


--
-- Name: school_student_group_id_c5d4f4b4; Type: INDEX; Schema: public; Owner: postgres
--

CREATE INDEX school_student_group_id_c5d4f4b4 ON public.student USING btree (group_id);


--
-- Name: school_student_phone_a1c3edb1_like; Type: INDEX; Schema: public; Owner: postgres
--

CREATE INDEX school_student_phone_a1c3edb1_like ON public.student USING btree (phone varchar_pattern_ops);


--
-- Name: subject_name_10b7ed89_like; Type: INDEX; Schema: public; Owner: postgres
--

CREATE INDEX subject_name_10b7ed89_like ON public.subject USING btree (name varchar_pattern_ops);


--
-- Name: user_email_54dc62b2_like; Type: INDEX; Schema: public; Owner: postgres
--

CREATE INDEX user_email_54dc62b2_like ON public."user" USING btree (email varchar_pattern_ops);


--
-- Name: user_phone_number_181d522d_like; Type: INDEX; Schema: public; Owner: postgres
--

CREATE INDEX user_phone_number_181d522d_like ON public."user" USING btree (phone_number varchar_pattern_ops);


--
-- Name: auth_group_permissions auth_group_permissio_permission_id_84c5c92e_fk_auth_perm; Type: FK CONSTRAINT; Schema: public; Owner: postgres
--

ALTER TABLE ONLY public.auth_group_permissions
    ADD CONSTRAINT auth_group_permissio_permission_id_84c5c92e_fk_auth_perm FOREIGN KEY (permission_id) REFERENCES public.auth_permission(id) DEFERRABLE INITIALLY DEFERRED;


--
-- Name: auth_group_permissions auth_group_permissions_group_id_b120cbf9_fk_auth_group_id; Type: FK CONSTRAINT; Schema: public; Owner: postgres
--

ALTER TABLE ONLY public.auth_group_permissions
    ADD CONSTRAINT auth_group_permissions_group_id_b120cbf9_fk_auth_group_id FOREIGN KEY (group_id) REFERENCES public.auth_group(id) DEFERRABLE INITIALLY DEFERRED;


--
-- Name: auth_permission auth_permission_content_type_id_2f476e4b_fk_django_co; Type: FK CONSTRAINT; Schema: public; Owner: postgres
--

ALTER TABLE ONLY public.auth_permission
    ADD CONSTRAINT auth_permission_content_type_id_2f476e4b_fk_django_co FOREIGN KEY (content_type_id) REFERENCES public.django_content_type(id) DEFERRABLE INITIALLY DEFERRED;


--
-- Name: auth_user_groups auth_user_groups_group_id_97559544_fk_auth_group_id; Type: FK CONSTRAINT; Schema: public; Owner: postgres
--

ALTER TABLE ONLY public.auth_user_groups
    ADD CONSTRAINT auth_user_groups_group_id_97559544_fk_auth_group_id FOREIGN KEY (group_id) REFERENCES public.auth_group(id) DEFERRABLE INITIALLY DEFERRED;


--
-- Name: auth_user_groups auth_user_groups_user_id_6a12ed8b_fk_auth_user_id; Type: FK CONSTRAINT; Schema: public; Owner: postgres
--

ALTER TABLE ONLY public.auth_user_groups
    ADD CONSTRAINT auth_user_groups_user_id_6a12ed8b_fk_auth_user_id FOREIGN KEY (user_id) REFERENCES public.auth_user(id) DEFERRABLE INITIALLY DEFERRED;


--
-- Name: auth_user_user_permissions auth_user_user_permi_permission_id_1fbb5f2c_fk_auth_perm; Type: FK CONSTRAINT; Schema: public; Owner: postgres
--

ALTER TABLE ONLY public.auth_user_user_permissions
    ADD CONSTRAINT auth_user_user_permi_permission_id_1fbb5f2c_fk_auth_perm FOREIGN KEY (permission_id) REFERENCES public.auth_permission(id) DEFERRABLE INITIALLY DEFERRED;


--
-- Name: auth_user_user_permissions auth_user_user_permissions_user_id_a95ead1b_fk_auth_user_id; Type: FK CONSTRAINT; Schema: public; Owner: postgres
--

ALTER TABLE ONLY public.auth_user_user_permissions
    ADD CONSTRAINT auth_user_user_permissions_user_id_a95ead1b_fk_auth_user_id FOREIGN KEY (user_id) REFERENCES public.auth_user(id) DEFERRABLE INITIALLY DEFERRED;


--
-- Name: django_admin_log django_admin_log_content_type_id_c4bce8eb_fk_django_co; Type: FK CONSTRAINT; Schema: public; Owner: postgres
--

ALTER TABLE ONLY public.django_admin_log
    ADD CONSTRAINT django_admin_log_content_type_id_c4bce8eb_fk_django_co FOREIGN KEY (content_type_id) REFERENCES public.django_content_type(id) DEFERRABLE INITIALLY DEFERRED;


--
-- Name: django_admin_log django_admin_log_user_id_c564eba6_fk_auth_user_id; Type: FK CONSTRAINT; Schema: public; Owner: postgres
--

ALTER TABLE ONLY public.django_admin_log
    ADD CONSTRAINT django_admin_log_user_id_c564eba6_fk_auth_user_id FOREIGN KEY (user_id) REFERENCES public.auth_user(id) DEFERRABLE INITIALLY DEFERRED;


--
-- Name: exam school_exammodel_student_id_0efe27fd_fk_student_id; Type: FK CONSTRAINT; Schema: public; Owner: postgres
--

ALTER TABLE ONLY public.exam
    ADD CONSTRAINT school_exammodel_student_id_0efe27fd_fk_student_id FOREIGN KEY (student_id) REFERENCES public.student(id) DEFERRABLE INITIALLY DEFERRED;


--
-- Name: exam school_exammodel_subject_id_7cf43c49_fk_subject_id; Type: FK CONSTRAINT; Schema: public; Owner: postgres
--

ALTER TABLE ONLY public.exam
    ADD CONSTRAINT school_exammodel_subject_id_7cf43c49_fk_subject_id FOREIGN KEY (subject_id) REFERENCES public.subject(id) DEFERRABLE INITIALLY DEFERRED;


--
-- Name: student school_student_group_id_c5d4f4b4_fk_school_groupmodel_id; Type: FK CONSTRAINT; Schema: public; Owner: postgres
--

ALTER TABLE ONLY public.student
    ADD CONSTRAINT school_student_group_id_c5d4f4b4_fk_school_groupmodel_id FOREIGN KEY (group_id) REFERENCES public."group"(id) DEFERRABLE INITIALLY DEFERRED;


--
-- PostgreSQL database dump complete
--

